DATE,BEFORE,TYPE
3/3/2020,2,Kingdom Hall Renovation Project
3/4/2020,2,Kingdom Hall Renovation Project
3/5/2020,2,Kingdom Hall Renovation Project
3/6/2020,2,Kingdom Hall Renovation Project
3/7/2020,2,Kingdom Hall Renovation Project
3/8/2020,2,Kingdom Hall Renovation Project
3/10/2020,2,Kingdom Hall Renovation Project
3/11/2020,2,Kingdom Hall Renovation Project
3/12/2020,2,Kingdom Hall Renovation Project
3/13/2020,2,Kingdom Hall Renovation Project
3/14/2020,2,Kingdom Hall Renovation Project
3/15/2020,2,Kingdom Hall Renovation Project
3/17/2020,2,Kingdom Hall Renovation Project
3/18/2020,2,Kingdom Hall Renovation Project
3/19/2020,2,Kingdom Hall Renovation Project
3/20/2020,2,Kingdom Hall Renovation Project
3/21/2020,2,Kingdom Hall Renovation Project
3/22/2020,2,Kingdom Hall Renovation Project
3/24/2020,2,Kingdom Hall Renovation Project
3/25/2020,2,Kingdom Hall Renovation Project
3/26/2020,2,Kingdom Hall Renovation Project
3/27/2020,2,Kingdom Hall Renovation Project
3/28/2020,2,Kingdom Hall Renovation Project
3/29/2020,2,Kingdom Hall Renovation Project
3/31/2020,2,Kingdom Hall Renovation Project
4/1/2020,2,Kingdom Hall Renovation Project
4/2/2020,2,Kingdom Hall Renovation Project
4/3/2020,2,Kingdom Hall Renovation Project
4/4/2020,2,Kingdom Hall Renovation Project
4/5/2020,2,Kingdom Hall Renovation Project
4/7/2020,2,Kingdom Hall Renovation Project
4/8/2020,2,Kingdom Hall Renovation Project
4/9/2020,2,Kingdom Hall Renovation Project
4/10/2020,2,Kingdom Hall Renovation Project
4/11/2020,2,Kingdom Hall Renovation Project
4/12/2020,2,Kingdom Hall Renovation Project
4/14/2020,2,Kingdom Hall Renovation Project
4/15/2020,2,Kingdom Hall Renovation Project
4/16/2020,2,Kingdom Hall Renovation Project
4/17/2020,2,Kingdom Hall Renovation Project
4/18/2020,2,Kingdom Hall Renovation Project
4/19/2020,2,Kingdom Hall Renovation Project
4/21/2020,2,Kingdom Hall Renovation Project
4/22/2020,2,Kingdom Hall Renovation Project
4/23/2020,2,Kingdom Hall Renovation Project
4/24/2020,2,Kingdom Hall Renovation Project
4/25/2020,2,Kingdom Hall Renovation Project
4/26/2020,2,Kingdom Hall Renovation Project
4/28/2020,2,Kingdom Hall Renovation Project
4/29/2020,2,Kingdom Hall Renovation Project
4/30/2020,2,Kingdom Hall Renovation Project
5/1/2020,2,Kingdom Hall Renovation Project
5/2/2020,2,Kingdom Hall Renovation Project
5/3/2020,2,Kingdom Hall Renovation Project
5/5/2020,2,Kingdom Hall Renovation Project
5/6/2020,2,Kingdom Hall Renovation Project
5/7/2020,2,Kingdom Hall Renovation Project
5/8/2020,2,Kingdom Hall Renovation Project
5/9/2020,2,Kingdom Hall Renovation Project
5/10/2020,2,Kingdom Hall Renovation Project
5/12/2020,2,Kingdom Hall Renovation Project
5/13/2020,2,Kingdom Hall Renovation Project
5/14/2020,2,Kingdom Hall Renovation Project
5/15/2020,2,Kingdom Hall Renovation Project
5/16/2020,2,Kingdom Hall Renovation Project
5/17/2020,2,Kingdom Hall Renovation Project
5/19/2020,2,Kingdom Hall Renovation Project
5/20/2020,2,Kingdom Hall Renovation Project
5/21/2020,2,Kingdom Hall Renovation Project
5/22/2020,2,Kingdom Hall Renovation Project
5/23/2020,2,Kingdom Hall Renovation Project
5/24/2020,2,Kingdom Hall Renovation Project
5/26/2020,2,Kingdom Hall Renovation Project
5/27/2020,2,Kingdom Hall Renovation Project
5/28/2020,2,Kingdom Hall Renovation Project
5/29/2020,2,Kingdom Hall Renovation Project
5/30/2020,2,Kingdom Hall Renovation Project
5/31/2020,2,Kingdom Hall Renovation Project
,,
,,
,,
,,
,,
,,
,,
,,
,,
,,
,,
,,
,,
,,
,,
,,
,,
,,
,,
,,
,,
,,
,,
,,
